{
  "type": "minecraft:crafting_shaped",
  "pattern": [
    "012",
    "345",
    "678"
  ],
  "key": {
    "0": {
      "item": "minecraft:obsidian"
    },
    "1": {
      "item": "minecraft:obsidian"
    },
    "2": {
      "item": "minecraft:yellow_dye"
    },
    "3": {
      "item": "minecraft:obsidian"
    },
    "4": {
      "item": "super_awesome_stuff:francium"
    },
    "5": {
      "item": "minecraft:netherite_ingot"
    },
    "6": {
      "item": "minecraft:obsidian"
    },
    "7": {
      "item": "minecraft:obsidian"
    },
    "8": {
      "item": "minecraft:yellow_dye"
    }
  },
  "result": {
    "item": "super_awesome_stuff:nucleardrill",
    "count": 1
  }
}