{
  "_fv": 28,
  "_type": "dimension",
  "definition": {
    "biomesInDimension": [
      {
        "value": "plains"
      }
    ],
    "worldGenType": "End like gen",
    "mainFillerBlock": {
      "value": "Blocks.DIAMOND_BLOCK"
    },
    "fluidBlock": {
      "value": "Blocks.WATER"
    },
    "airColor": {
      "value": -6684673,
      "falpha": 0.0
    },
    "canRespawnHere": false,
    "hasFog": false,
    "isDark": false,
    "doesWaterVaporize": false,
    "sleepResult": "BED_EXPLODES",
    "hasSkyLight": true,
    "imitateOverworldBehaviour": true,
    "portalFrame": {
      "value": "Blocks.GOLD_BLOCK"
    },
    "portalParticles": {
      "value": "ENCHANTMENT_TABLE"
    },
    "portalLuminance": 15,
    "portalSound": {
      "value": "block.portal.ambient"
    },
    "igniterName": "Misterious Portal Igniter",
    "igniterTab": {
      "value": "TOOLS"
    },
    "texture": "mystery",
    "portalTexture": "mystery_portal_frame",
    "enablePortal": true
  }
}