{
  "_fv": 28,
  "_type": "recipe",
  "definition": {
    "recipeType": "Crafting",
    "xpReward": 0.0,
    "cookingTime": 200,
    "recipeRetstackSize": 1,
    "group": "",
    "recipeShapeless": false,
    "recipeSlots": [
      {
        "value": "Blocks.OBSIDIAN"
      },
      {
        "value": "Blocks.OBSIDIAN"
      },
      {
        "value": "Items.DYE#11"
      },
      {
        "value": "Blocks.OBSIDIAN"
      },
      {
        "value": "CUSTOM:Francium"
      },
      {
        "value": "Items.NETHERITE_INGOT"
      },
      {
        "value": "Blocks.OBSIDIAN"
      },
      {
        "value": "Blocks.OBSIDIAN"
      },
      {
        "value": "Items.DYE#11"
      }
    ],
    "recipeReturnStack": {
      "value": "CUSTOM:Nucleardrill"
    },
    "name": "nukedrillrecipie",
    "namespace": "mod"
  }
}